title,url_o
photo_2020-10-23_14-02-05,https://live.staticflickr.com/65535/50678241748_a96facde78_o.jpg
photo_2020-10-23_14-02-04,https://live.staticflickr.com/65535/50678241798_8ebe4f8b62_o.jpg
photo_2020-10-23_14-02-03,https://live.staticflickr.com/65535/50679075082_ca611b149e_o.jpg
photo_2020-10-23_14-02-02,https://live.staticflickr.com/65535/50679075247_4f2bbed066_o.jpg
photo_2020-10-23_14-02-01,https://live.staticflickr.com/65535/50678241913_7a68abed48_o.jpg
photo_2020-10-23_14-02-00,https://live.staticflickr.com/65535/50678241938_93d662982b_o.jpg
GOPR0056,https://live.staticflickr.com/65535/50678271578_71b29bd953_o.jpg
GOPR0055,https://live.staticflickr.com/65535/50679021316_eb4b8dfe0b_o.jpg
GOPR0054,https://live.staticflickr.com/65535/50679105152_3b12db0f4c_o.jpg
GOPR0053,https://live.staticflickr.com/65535/50678272583_4d974ce848_o.jpg
GOPR0052,https://live.staticflickr.com/65535/50679105752_03fd0e1558_o.jpg
GOPR0051,https://live.staticflickr.com/65535/50679106082_89f7819fce_o.jpg
GOPR0050,https://live.staticflickr.com/65535/50678273658_a4ba442708_o.jpg
GOPR0049,https://live.staticflickr.com/65535/50679023101_08500236a7_o.jpg
GOPR0048,https://live.staticflickr.com/65535/50678274293_1b983260af_o.jpg
GOPR0047,https://live.staticflickr.com/65535/50678274623_2e555a5f1e_o.jpg
GOPR0046,https://live.staticflickr.com/65535/50679107852_1678789b29_o.jpg
GOPR0045,https://live.staticflickr.com/65535/50679108162_2df8ce55ec_o.jpg
GOPR0044,https://live.staticflickr.com/65535/50679024761_7192066698_o.jpg
GOPR0043,https://live.staticflickr.com/65535/50679025161_81a16b1073_o.jpg
GOPR0042,https://live.staticflickr.com/65535/50679025486_fa9096e69a_o.jpg
GOPR0041,https://live.staticflickr.com/65535/50678276618_6c17a1ab53_o.jpg
GOPR0040,https://live.staticflickr.com/65535/50678276988_5ed21a75f4_o.jpg
GOPR0039,https://live.staticflickr.com/65535/50678277338_cfa4950ffc_o.jpg
GOPR0038,https://live.staticflickr.com/65535/50679110717_2424d9cd31_o.jpg
GOPR0037,https://live.staticflickr.com/65535/50679111152_403a225c25_o.jpg
GOPR0036,https://live.staticflickr.com/65535/50679027496_7a05779014_o.jpg
GOPR0035,https://live.staticflickr.com/65535/50678278703_3ae53e5b55_o.jpg
GOPR0034,https://live.staticflickr.com/65535/50678279083_61110a47a2_o.jpg
GOPR0033,https://live.staticflickr.com/65535/50679112727_fc13e3356b_o.jpg
GOPR0032,https://live.staticflickr.com/65535/50679028926_9680d68f2d_o.jpg
GOPR0031,https://live.staticflickr.com/65535/50679029256_8960ecc502_o.jpg
GOPR0030,https://live.staticflickr.com/65535/50679029691_beab427b20_o.jpg
GOPR0029,https://live.staticflickr.com/65535/50679030151_076b2753f5_o.jpg
GOPR0028,https://live.staticflickr.com/65535/50679114487_6706750619_o.jpg
GOPR0027,https://live.staticflickr.com/65535/50679030901_f9b1039062_o.jpg
GOPR0026,https://live.staticflickr.com/65535/50679115207_c2476d26fb_o.jpg
GOPR0025,https://live.staticflickr.com/65535/50678282333_e7076aeed4_o.jpg
GOPR0024,https://live.staticflickr.com/65535/50679032146_42e2c7eff4_o.jpg
GOPR0023,https://live.staticflickr.com/65535/50679116442_ee530e1332_o.jpg
GOPR0022,https://live.staticflickr.com/65535/50678283578_0a14d7e6df_o.jpg
GOPR0021,https://live.staticflickr.com/65535/50678283963_ac1aba337f_o.jpg
GOPR0020,https://live.staticflickr.com/65535/50679117702_c03c7b1b14_o.jpg
GOPR0019,https://live.staticflickr.com/65535/50678284868_fa1f0b1273_o.jpg
DJI_0010,https://live.staticflickr.com/65535/50679034771_624223bbdc_o.jpg
DJI_0009,https://live.staticflickr.com/65535/50679035146_f32786c1af_o.jpg
camera_img_3,https://live.staticflickr.com/65535/50679035406_75a5942bc2_o.jpg
camera_img_2,https://live.staticflickr.com/65535/50678286273_ee2fd64cb6_o.jpg
camera_img_1,https://live.staticflickr.com/65535/50678286568_d1500e8a02_o.jpg
camera_img_0,https://live.staticflickr.com/65535/50679120417_54e6b4a5ca_o.jpg
BATCH_s05_img_11210,https://live.staticflickr.com/65535/50679075217_05ddb71a6d_o.jpg
BATCH_s05_img_11130,https://live.staticflickr.com/65535/50679075302_753ef157fe_o.jpg
BATCH_s05_img_11050,https://live.staticflickr.com/65535/50679075377_d1a02535cf_o.jpg
BATCH_s05_img_9690,https://live.staticflickr.com/65535/50678992281_9511997cde_o.jpg
BATCH_s05_img_9470,https://live.staticflickr.com/65535/50678992351_1bc35d06e7_o.jpg
BATCH_s05_img_9400,https://live.staticflickr.com/65535/50678242388_10f393cfda_o.jpg
BATCH_s05_img_9220,https://live.staticflickr.com/65535/50678992456_29e91f1f9e_o.jpg
BATCH_s05_img_9110,https://live.staticflickr.com/65535/50678992526_cd41d9e4f2_o.jpg
BATCH_s05_img_9010,https://live.staticflickr.com/65535/50678242583_06e75777b6_o.jpg
BATCH_s05_img_8950,https://live.staticflickr.com/65535/50678992671_24be52bdc8_o.jpg
BATCH_s05_img_8800,https://live.staticflickr.com/65535/50678242763_57969b3488_o.jpg
BATCH_s05_img_8470,https://live.staticflickr.com/65535/50678992801_6670f6fbae_o.jpg
BATCH_s05_img_8100,https://live.staticflickr.com/65535/50678242893_4f050a1233_o.jpg
BATCH_s05_img_8070,https://live.staticflickr.com/65535/50678242923_83255508d0_o.jpg
BATCH_s05_img_7940,https://live.staticflickr.com/65535/50678992996_b36b83fbff_o.jpg
BATCH_s05_img_7690,https://live.staticflickr.com/65535/50678243078_195095670a_o.jpg
BATCH_s05_img_7600,https://live.staticflickr.com/65535/50678993091_7e81a11ba0_o.jpg
BATCH_s05_img_7460,https://live.staticflickr.com/65535/50678993156_45e4b593aa_o.jpg
BATCH_s05_img_7260,https://live.staticflickr.com/65535/50679076482_41ab3af586_o.jpg
BATCH_s05_img_6580,https://live.staticflickr.com/65535/50678243333_cb2b191756_o.jpg
BATCH_s05_img_6490,https://live.staticflickr.com/65535/50679076657_569b2f44fc_o.jpg
BATCH_s05_img_6050,https://live.staticflickr.com/65535/50678993391_b17764c6ea_o.jpg
BATCH_s05_img_5990,https://live.staticflickr.com/65535/50678243608_0ec94e6eff_o.jpg
BATCH_s05_img_5740,https://live.staticflickr.com/65535/50679076907_2d8c736abd_o.jpg
BATCH_s05_img_5660,https://live.staticflickr.com/65535/50678993591_b2183e3870_o.jpg
BATCH_s05_img_5590,https://live.staticflickr.com/65535/50678993636_ed9c89061a_o.jpg
BATCH_s05_img_5230,https://live.staticflickr.com/65535/50678243843_4992031d0c_o.jpg
BATCH_s05_img_4250,https://live.staticflickr.com/65535/50679077167_560f4e5e18_o.jpg
BATCH_s05_img_3960,https://live.staticflickr.com/65535/50678244003_499b5b5ef0_o.jpg
BATCH_s05_img_3940,https://live.staticflickr.com/65535/50679077327_6e934fe3de_o.jpg
BATCH_s05_img_3790,https://live.staticflickr.com/65535/50678244198_7842069f05_o.jpg
BATCH_s05_img_3590,https://live.staticflickr.com/65535/50678244308_93bcd0321c_o.jpg
BATCH_s05_img_3520,https://live.staticflickr.com/65535/50679077577_4fcfb41e97_o.jpg
BATCH_s05_img_3500,https://live.staticflickr.com/65535/50678994236_41e933fc4b_o.jpg
BATCH_s05_img_2630,https://live.staticflickr.com/65535/50678994286_80179d042d_o.jpg
BATCH_s05_img_2080,https://live.staticflickr.com/65535/50678994341_c749e7a1d6_o.jpg
BATCH_s05_img_1960,https://live.staticflickr.com/65535/50678994366_32b3fb531c_o.jpg
BATCH_s05_img_1940,https://live.staticflickr.com/65535/50679077922_0bae852214_o.jpg
BATCH_s05_img_1610,https://live.staticflickr.com/65535/50678244748_f7f9938c9a_o.jpg
BATCH_s05_img_1260,https://live.staticflickr.com/65535/50678994556_359b23c92c_o.jpg
BATCH_s05_img_1230,https://live.staticflickr.com/65535/50679078112_85a8901129_o.jpg
BATCH_s05_img_510,https://live.staticflickr.com/65535/50678244968_547383bd42_o.jpg
BATCH_s05_img_210,https://live.staticflickr.com/65535/50679078242_c8c33a8647_o.jpg
BATCH_s05_img_20,https://live.staticflickr.com/65535/50678994896_3881684ee2_o.jpg
BATCH_s04_img_9900,https://live.staticflickr.com/65535/50679078427_7c47412851_o.jpg
BATCH_s04_img_9840,https://live.staticflickr.com/65535/50678245468_5193c69343_o.jpg
BATCH_s04_img_9740,https://live.staticflickr.com/65535/50679078612_017c859ce0_o.jpg
BATCH_s04_img_9600,https://live.staticflickr.com/65535/50678245623_f00bfe561b_o.jpg
BATCH_s04_img_9440,https://live.staticflickr.com/65535/50678995406_6c94e28526_o.jpg
BATCH_s04_img_9360,https://live.staticflickr.com/65535/50678245798_d7373fb240_o.jpg
BATCH_s04_img_9300,https://live.staticflickr.com/65535/50679078932_263c51b07d_o.jpg
BATCH_s04_img_9200,https://live.staticflickr.com/65535/50678995631_12db33cc9c_o.jpg
BATCH_s04_img_8600,https://live.staticflickr.com/65535/50679079192_b31ed1c6db_o.jpg
BATCH_s04_img_8440,https://live.staticflickr.com/65535/50678995881_83e7e78a7e_o.jpg
BATCH_s04_img_8360,https://live.staticflickr.com/65535/50679079352_cd45952d05_o.jpg
BATCH_s04_img_8280,https://live.staticflickr.com/65535/50678996101_d30d59725c_o.jpg
BATCH_s04_img_8080,https://live.staticflickr.com/65535/50679079552_71c65e62e3_o.jpg
BATCH_s04_img_7960,https://live.staticflickr.com/65535/50678996331_574e24fb27_o.jpg
BATCH_s04_img_7860,https://live.staticflickr.com/65535/50678246508_f2a091aaf1_o.jpg
BATCH_s04_img_7820,https://live.staticflickr.com/65535/50678996491_3e91d66a0b_o.jpg
BATCH_s04_img_7800,https://live.staticflickr.com/65535/50679079952_fde86ceac6_o.jpg
BATCH_s04_img_7720,https://live.staticflickr.com/65535/50678996626_fd697d5ff4_o.jpg
BATCH_s04_img_7660,https://live.staticflickr.com/65535/50679080132_324f79ce37_o.jpg
BATCH_s04_img_7500,https://live.staticflickr.com/65535/50679080262_1997ce892d_o.jpg
BATCH_s04_img_7380,https://live.staticflickr.com/65535/50679080347_d703cce561_o.jpg
BATCH_s04_img_7320,https://live.staticflickr.com/65535/50678997021_f68852e3e1_o.jpg
BATCH_s04_img_7240,https://live.staticflickr.com/65535/50679080507_cdec51844c_o.jpg
BATCH_s04_img_7220,https://live.staticflickr.com/65535/50679080632_22061cae28_o.jpg
BATCH_s04_img_7080,https://live.staticflickr.com/65535/50678997321_9d4057ab8f_o.jpg
BATCH_s04_img_6920,https://live.staticflickr.com/65535/50678247508_7bf452ea5e_o.jpg
BATCH_s04_img_6640,https://live.staticflickr.com/65535/50679080992_76cb9e6e7a_o.jpg
BATCH_s04_img_6600,https://live.staticflickr.com/65535/50678247758_297d8065d7_o.jpg
BATCH_s04_img_6560,https://live.staticflickr.com/65535/50679081257_1d71bc621f_o.jpg
BATCH_s04_img_6500,https://live.staticflickr.com/65535/50679081402_c2f435900a_o.jpg
BATCH_s04_img_6460,https://live.staticflickr.com/65535/50678248023_551aa8e994_o.jpg
BATCH_s04_img_6300,https://live.staticflickr.com/65535/50678998141_5babfd0da9_o.jpg
BATCH_s04_img_6200,https://live.staticflickr.com/65535/50678998286_69922b4e31_o.jpg
BATCH_s04_img_6120,https://live.staticflickr.com/65535/50678998411_0108fcd8d6_o.jpg
BATCH_s04_img_6100,https://live.staticflickr.com/65535/50678248488_22442be371_o.jpg
BATCH_s04_img_6060,https://live.staticflickr.com/65535/50678998591_256db354be_o.jpg
BATCH_s04_img_5900,https://live.staticflickr.com/65535/50678998701_6c3effd4aa_o.jpg
BATCH_s04_img_5840,https://live.staticflickr.com/65535/50678248753_e77b64a4d1_o.jpg
BATCH_s04_img_5800,https://live.staticflickr.com/65535/50678998921_bcf601e60d_o.jpg
BATCH_s04_img_5760,https://live.staticflickr.com/65535/50679082437_5be31ae79a_o.jpg
BATCH_s04_img_5660,https://live.staticflickr.com/65535/50678999081_80788e22c5_o.jpg
BATCH_s04_img_5600,https://live.staticflickr.com/65535/50679082632_d66c5dec39_o.jpg
BATCH_s04_img_5460,https://live.staticflickr.com/65535/50678249238_9ffa5c16ce_o.jpg
BATCH_s04_img_4980,https://live.staticflickr.com/65535/50678249343_c68b5915c7_o.jpg
BATCH_s04_img_4800,https://live.staticflickr.com/65535/50678999456_2914d04af4_o.jpg
BATCH_s04_img_4720,https://live.staticflickr.com/65535/50678249503_b632476908_o.jpg
BATCH_s04_img_4640,https://live.staticflickr.com/65535/50679083092_125b0c9099_o.jpg
BATCH_s04_img_4160,https://live.staticflickr.com/65535/50678999741_157575ef67_o.jpg
BATCH_s04_img_3760,https://live.staticflickr.com/65535/50679083282_43691a8b71_o.jpg
BATCH_s04_img_3600,https://live.staticflickr.com/65535/50679083377_0eb641c61d_o.jpg
BATCH_s04_img_3540,https://live.staticflickr.com/65535/50679083437_3501f79c6d_o.jpg
BATCH_s04_img_3460,https://live.staticflickr.com/65535/50678250028_1bcbbb0ce3_o.jpg
BATCH_s04_img_3400,https://live.staticflickr.com/65535/50679000161_b83fa9eea7_o.jpg
BATCH_s04_img_3320,https://live.staticflickr.com/65535/50679000286_e6684df7b1_o.jpg
BATCH_s04_img_3040,https://live.staticflickr.com/65535/50679083817_d8082438da_o.jpg
BATCH_s04_img_2960,https://live.staticflickr.com/65535/50679083932_33b2891384_o.jpg
BATCH_s04_img_2920,https://live.staticflickr.com/65535/50679084007_50ba5e3f61_o.jpg
BATCH_s04_img_2640,https://live.staticflickr.com/65535/50679000611_798c8de0d0_o.jpg
BATCH_s04_img_1240,https://live.staticflickr.com/65535/50679000676_cebb8c4801_o.jpg
BATCH_s04_img_1160,https://live.staticflickr.com/65535/50678250778_094f7d8801_o.jpg
BATCH_s04_img_1080,https://live.staticflickr.com/65535/50679084257_5b2ece1ecd_o.jpg
BATCH_s04_img_1000,https://live.staticflickr.com/65535/50678250853_a66af35000_o.jpg
BATCH_s03_img_4300,https://live.staticflickr.com/65535/50679000991_707c71ff1d_o.jpg
BATCH_s03_img_4220,https://live.staticflickr.com/65535/50679084532_e694a7ba4f_o.jpg
BATCH_s03_img_4160,https://live.staticflickr.com/65535/50679084612_1abb7ba400_o.jpg
BATCH_s03_img_3920,https://live.staticflickr.com/65535/50679084692_b237e376c4_o.jpg
BATCH_s03_img_3780,https://live.staticflickr.com/65535/50679084767_ac7e0dcccf_o.jpg
BATCH_s03_img_3700,https://live.staticflickr.com/65535/50679084827_d0d057db48_o.jpg
BATCH_s03_img_3660,https://live.staticflickr.com/65535/50679084912_763aeda58c_o.jpg
BATCH_s03_img_3640,https://live.staticflickr.com/65535/50679001531_bc3d4b7bf4_o.jpg
BATCH_s03_img_3540,https://live.staticflickr.com/65535/50678251528_e16b7af122_o.jpg
BATCH_s03_img_3460,https://live.staticflickr.com/65535/50679001696_01719b9490_o.jpg
BATCH_s03_img_3420,https://live.staticflickr.com/65535/50678255138_09507ca4d0_o.jpg
BATCH_s03_img_3380,https://live.staticflickr.com/65535/50679085372_cfd4e9e608_o.jpg
BATCH_s03_img_3360,https://live.staticflickr.com/65535/50679001936_5033176ba2_o.jpg
BATCH_s03_img_3340,https://live.staticflickr.com/65535/50679085537_840170808d_o.jpg
BATCH_s03_img_3200,https://live.staticflickr.com/65535/50679085597_c3cb284d80_o.jpg
BATCH_s03_img_3160,https://live.staticflickr.com/65535/50678252083_831d0ac20a_o.jpg
BATCH_s03_img_3120,https://live.staticflickr.com/65535/50678252188_4b02e5849d_o.jpg
BATCH_s03_img_3040,https://live.staticflickr.com/65535/50679085797_20d8892ca6_o.jpg
BATCH_s03_img_2800,https://live.staticflickr.com/65535/50679002381_66aaeaaca2_o.jpg
BATCH_s03_img_2300,https://live.staticflickr.com/65535/50678252403_64486d311b_o.jpg
BATCH_s03_img_2220,https://live.staticflickr.com/65535/50679086062_ace3ce0281_o.jpg
BATCH_s03_img_2200,https://live.staticflickr.com/65535/50678252608_30c16a45f4_o.jpg
BATCH_s03_img_2160,https://live.staticflickr.com/65535/50679002731_b8196752c2_o.jpg
BATCH_s03_img_2080,https://live.staticflickr.com/65535/50678252778_276a2f508a_o.jpg
BATCH_s03_img_1880,https://live.staticflickr.com/65535/50679002931_6f5e978fc6_o.jpg
BATCH_s03_img_1640,https://live.staticflickr.com/65535/50679086522_54c6ca56fc_o.jpg
BATCH_s03_img_1460,https://live.staticflickr.com/65535/50679086592_94cc077c00_o.jpg
BATCH_s03_img_1400,https://live.staticflickr.com/65535/50679003261_1dd15289a4_o.jpg
BATCH_s03_img_1320,https://live.staticflickr.com/65535/50679003371_9dcf764a08_o.jpg
BATCH_s03_img_1160,https://live.staticflickr.com/65535/50679003466_91918dfe14_o.jpg
BATCH_s03_img_1100,https://live.staticflickr.com/65535/50679003536_d8f49f3582_o.jpg
BATCH_s03_img_1040,https://live.staticflickr.com/65535/50679003636_0c0e7458d9_o.jpg
BATCH_s03_img_1000,https://live.staticflickr.com/65535/50679003756_8b09b9ed58_o.jpg
BATCH_s03_img_840,https://live.staticflickr.com/65535/50679087337_6c9cb9c5ee_o.jpg
BATCH_s03_img_800,https://live.staticflickr.com/65535/50679003941_c7f6aa8192_o.jpg
BATCH_s03_img_660,https://live.staticflickr.com/65535/50679004056_05e76a3431_o.jpg
BATCH_s03_img_640,https://live.staticflickr.com/65535/50678254063_301d3b57c2_o.jpg
BATCH_s03_img_540,https://live.staticflickr.com/65535/50679004341_dd1c8edec7_o.jpg
BATCH_s03_img_440,https://live.staticflickr.com/65535/50679004471_a253fb5717_o.jpg
BATCH_s03_img_380,https://live.staticflickr.com/65535/50679004601_6b119f5ee7_o.jpg
BATCH_s03_img_300,https://live.staticflickr.com/65535/50679004741_a2afb6828b_o.jpg
batch_s02_img_156,https://live.staticflickr.com/65535/50679088362_7b4a4c1f07_o.jpg
batch_s02_img_155,https://live.staticflickr.com/65535/50678254663_56a7e08c1c_o.jpg
batch_s02_img_154,https://live.staticflickr.com/65535/50679005076_dbfb7185dc_o.jpg
batch_s02_img_153,https://live.staticflickr.com/65535/50678254808_ca8a8a5797_o.jpg
batch_s02_img_152,https://live.staticflickr.com/65535/50678254838_d2983c3811_o.jpg
batch_s02_img_151,https://live.staticflickr.com/65535/50679005256_930252182c_o.jpg
batch_s02_img_150,https://live.staticflickr.com/65535/50678254998_8a68d1d2a8_o.jpg
batch_s02_img_149,https://live.staticflickr.com/65535/50679088847_06d070f59f_o.jpg
batch_s02_img_148,https://live.staticflickr.com/65535/50679088992_a3467ddc8b_o.jpg
batch_s02_img_147,https://live.staticflickr.com/65535/50679089092_132b803371_o.jpg
batch_s02_img_146,https://live.staticflickr.com/65535/50679089157_c4cbae5a36_o.jpg
batch_s02_img_145,https://live.staticflickr.com/65535/50679005836_f67d2a4fcd_o.jpg
batch_s02_img_144,https://live.staticflickr.com/65535/50679089327_ac23cb8cc4_o.jpg
batch_s02_img_143,https://live.staticflickr.com/65535/50679005976_fd74b0cbef_o.jpg
batch_s02_img_142,https://live.staticflickr.com/65535/50679089542_5f11ec68d3_o.jpg
batch_s02_img_141,https://live.staticflickr.com/65535/50678255723_4e53522a49_o.jpg
batch_s02_img_140,https://live.staticflickr.com/65535/50679006146_e7f747236d_o.jpg
batch_s02_img_139,https://live.staticflickr.com/65535/50679006256_ee748f53a8_o.jpg
batch_s02_img_138,https://live.staticflickr.com/65535/50678255928_68b00313ef_o.jpg
batch_s02_img_137,https://live.staticflickr.com/65535/50679089872_c561a72a8b_o.jpg
batch_s02_img_136,https://live.staticflickr.com/65535/50679089922_7646fd5a18_o.jpg
batch_s02_img_135,https://live.staticflickr.com/65535/50679089972_7c46efd5b5_o.jpg
batch_s02_img_134,https://live.staticflickr.com/65535/50679090127_99fcec2cbb_o.jpg
batch_s02_img_133,https://live.staticflickr.com/65535/50679090182_8b07d0caa0_o.jpg
batch_s02_img_132,https://live.staticflickr.com/65535/50679090242_7dab103a91_o.jpg
batch_s02_img_131,https://live.staticflickr.com/65535/50678256353_f5063482b2_o.jpg
batch_s02_img_130,https://live.staticflickr.com/65535/50679006836_4fb6b50ce4_o.jpg
batch_s02_img_129,https://live.staticflickr.com/65535/50678256558_29b66bccf8_o.jpg
batch_s02_img_128,https://live.staticflickr.com/65535/50678256653_10e775b22a_o.jpg
batch_s02_img_127,https://live.staticflickr.com/65535/50679007026_9e3d5af107_o.jpg
batch_s02_img_126,https://live.staticflickr.com/65535/50679090787_ba3643e2a8_o.jpg
batch_s02_img_125,https://live.staticflickr.com/65535/50679007256_6cbc9155e8_o.jpg
batch_s02_img_124,https://live.staticflickr.com/65535/50678256993_eabb0d6b06_o.jpg
batch_s02_img_123,https://live.staticflickr.com/65535/50679091062_d35e4a3676_o.jpg
batch_s02_img_122,https://live.staticflickr.com/65535/50679091192_64d924ce07_o.jpg
batch_s02_img_121,https://live.staticflickr.com/65535/50678257223_403bb4c156_o.jpg
batch_s02_img_120,https://live.staticflickr.com/65535/50679091322_ed01a2fd4a_o.jpg
batch_s02_img_119,https://live.staticflickr.com/65535/50679091412_cd8967b989_o.jpg
batch_s02_img_118,https://live.staticflickr.com/65535/50679091517_a675947358_o.jpg
batch_s02_img_117,https://live.staticflickr.com/65535/50678257598_037ce517fb_o.jpg
batch_s02_img_116,https://live.staticflickr.com/65535/50679008051_af25b41d63_o.jpg
batch_s02_img_115,https://live.staticflickr.com/65535/50679091857_962dae585c_o.jpg
batch_s02_img_114,https://live.staticflickr.com/65535/50679091937_94758d1948_o.jpg
batch_s02_img_113,https://live.staticflickr.com/65535/50679008366_05512262ee_o.jpg
batch_s02_img_112,https://live.staticflickr.com/65535/50679008466_20dd5e1e71_o.jpg
batch_s02_img_111,https://live.staticflickr.com/65535/50679008571_c40b484cdb_o.jpg
batch_s02_img_110,https://live.staticflickr.com/65535/50679008656_754675b644_o.jpg
batch_s02_img_109,https://live.staticflickr.com/65535/50679008751_11ed01c2b6_o.jpg
batch_s02_img_108,https://live.staticflickr.com/65535/50678258503_a8cf3d476b_o.jpg
batch_s02_img_107,https://live.staticflickr.com/65535/50678258613_60845a36d3_o.jpg
batch_s02_img_106,https://live.staticflickr.com/65535/50679092617_93f1688576_o.jpg
batch_s02_img_105,https://live.staticflickr.com/65535/50679009161_9a7d61fc35_o.jpg
batch_s02_img_104,https://live.staticflickr.com/65535/50678258978_6daede4b4f_o.jpg
batch_s02_img_103,https://live.staticflickr.com/65535/50679092922_bbd32b00a7_o.jpg
batch_s02_img_102,https://live.staticflickr.com/65535/50679092987_f4faec97e5_o.jpg
batch_s02_img_101,https://live.staticflickr.com/65535/50679009501_08a17aab80_o.jpg
batch_s02_img_100,https://live.staticflickr.com/65535/50679093082_3bffd3eebb_o.jpg
batch_s02_img_99,https://live.staticflickr.com/65535/50679009661_a4516925d0_o.jpg
batch_s02_img_98,https://live.staticflickr.com/65535/50679009731_10d09e79a4_o.jpg
batch_s02_img_97,https://live.staticflickr.com/65535/50678259418_a444751bc7_o.jpg
batch_s02_img_96,https://live.staticflickr.com/65535/50679009886_9c882ede15_o.jpg
batch_s02_img_95,https://live.staticflickr.com/65535/50678259548_e7b30f6e9f_o.jpg
batch_s02_img_94,https://live.staticflickr.com/65535/50678259608_edd6b0d308_o.jpg
batch_s02_img_93,https://live.staticflickr.com/65535/50679093547_770e868c28_o.jpg
batch_s02_img_92,https://live.staticflickr.com/65535/50679010221_1f03006b27_o.jpg
batch_s02_img_91,https://live.staticflickr.com/65535/50679010326_6594dbdc00_o.jpg
batch_s02_img_90,https://live.staticflickr.com/65535/50679010411_6d9db67ea7_o.jpg
batch_s02_img_89,https://live.staticflickr.com/65535/50679093862_2af085dce6_o.jpg
batch_s02_img_88,https://live.staticflickr.com/65535/50679093892_4a7b9642c7_o.jpg
batch_s02_img_87,https://live.staticflickr.com/65535/50679010611_fc7b9c579b_o.jpg
batch_s02_img_86,https://live.staticflickr.com/65535/50678260128_4ffca8af5a_o.jpg
batch_s02_img_85,https://live.staticflickr.com/65535/50679094127_062fc9f099_o.jpg
batch_s02_img_84,https://live.staticflickr.com/65535/50679094157_64358759d9_o.jpg
batch_s02_img_83,https://live.staticflickr.com/65535/50678260328_7c345caa84_o.jpg
batch_s02_img_82,https://live.staticflickr.com/65535/50679010936_456eb14652_o.jpg
batch_s02_img_81,https://live.staticflickr.com/65535/50679010996_847b9755c5_o.jpg
batch_s02_img_80,https://live.staticflickr.com/65535/50678260508_87c8664b16_o.jpg
batch_s02_img_79,https://live.staticflickr.com/65535/50678260563_e30b00af56_o.jpg
batch_s02_img_78,https://live.staticflickr.com/65535/50678260593_7d5abf442d_o.jpg
batch_s02_img_77,https://live.staticflickr.com/65535/50679011206_504b6fb9d8_o.jpg
batch_s02_img_76,https://live.staticflickr.com/65535/50678260768_b09d0c471c_o.jpg
batch_s02_img_75,https://live.staticflickr.com/65535/50678260808_8065a7060d_o.jpg
batch_s02_img_74,https://live.staticflickr.com/65535/50679011446_05cfc365c2_o.jpg
batch_s02_img_73,https://live.staticflickr.com/65535/50678260983_f4cab5bec9_o.jpg
batch_s02_img_72,https://live.staticflickr.com/65535/50678261063_5eb180b79a_o.jpg
batch_s02_img_71,https://live.staticflickr.com/65535/50678261153_47f041e883_o.jpg
batch_s02_img_70,https://live.staticflickr.com/65535/50678261213_d52f253bb3_o.jpg
batch_s02_img_69,https://live.staticflickr.com/65535/50679011766_314c46cf77_o.jpg
batch_s02_img_68,https://live.staticflickr.com/65535/50678261363_b890c5fc85_o.jpg
batch_s02_img_67,https://live.staticflickr.com/65535/50679095167_bfc7bb1625_o.jpg
batch_s02_img_66,https://live.staticflickr.com/65535/50678261488_2c58754a2b_o.jpg
batch_s02_img_65,https://live.staticflickr.com/65535/50678261553_aa2d3dc87d_o.jpg
batch_s02_img_64,https://live.staticflickr.com/65535/50679095372_438dcbc731_o.jpg
batch_s02_img_63,https://live.staticflickr.com/65535/50679012146_7c9ccbfa11_o.jpg
batch_s02_img_62,https://live.staticflickr.com/65535/50678261838_1c8396bd1a_o.jpg
batch_s02_img_61,https://live.staticflickr.com/65535/50678261943_09b27fb906_o.jpg
batch_s02_img_60,https://live.staticflickr.com/65535/50679012371_20cf8e1689_o.jpg
batch_s02_img_59,https://live.staticflickr.com/65535/50679095742_87f3cfb4ca_o.jpg
batch_s02_img_58,https://live.staticflickr.com/65535/50679095792_4d8e90c47d_o.jpg
batch_s02_img_57,https://live.staticflickr.com/65535/50679012596_d8926bf803_o.jpg
batch_s02_img_56,https://live.staticflickr.com/65535/50679012716_8aa9017feb_o.jpg
batch_s02_img_55,https://live.staticflickr.com/65535/50678262433_59a305b600_o.jpg
batch_s02_img_54,https://live.staticflickr.com/65535/50679012886_eae208282e_o.jpg
batch_s02_img_53,https://live.staticflickr.com/65535/50679012976_b1dec04d03_o.jpg
batch_s02_img_52,https://live.staticflickr.com/65535/50679013041_8780805e50_o.jpg
batch_s02_img_51,https://live.staticflickr.com/65535/50678262958_d56120369b_o.jpg
batch_s02_img_50,https://live.staticflickr.com/65535/50678263043_439a5cc502_o.jpg
batch_s02_img_49,https://live.staticflickr.com/65535/50679096542_658afa76f6_o.jpg
batch_s02_img_48,https://live.staticflickr.com/65535/50679096602_1c6c2d38cc_o.jpg
batch_s02_img_47,https://live.staticflickr.com/65535/50678263173_7c1380133d_o.jpg
batch_s02_img_46,https://live.staticflickr.com/65535/50679013536_9867921fdd_o.jpg
batch_s02_img_45,https://live.staticflickr.com/65535/50678263398_cf0e1db4cc_o.jpg
batch_s02_img_44,https://live.staticflickr.com/65535/50679013741_8a2c199c5e_o.jpg
batch_s02_img_43,https://live.staticflickr.com/65535/50679097077_fe654fc6dc_o.jpg
batch_s02_img_42,https://live.staticflickr.com/65535/50679097247_af3207f55e_o.jpg
batch_s02_img_41,https://live.staticflickr.com/65535/50678263868_40a67eaca4_o.jpg
batch_s02_img_40,https://live.staticflickr.com/65535/50678263918_eb7016d0b8_o.jpg
batch_s02_img_39,https://live.staticflickr.com/65535/50678264063_210aa7e1b2_o.jpg
batch_s02_img_38,https://live.staticflickr.com/65535/50678264183_9d83a7525e_o.jpg
batch_s02_img_37,https://live.staticflickr.com/65535/50678264223_7d6c5bf1f9_o.jpg
batch_s02_img_36,https://live.staticflickr.com/65535/50678264288_9739f05e62_o.jpg
batch_s02_img_35,https://live.staticflickr.com/65535/50679097827_493c117e9b_o.jpg
batch_s02_img_34,https://live.staticflickr.com/65535/50678264398_79c4ef644b_o.jpg
batch_s02_img_33,https://live.staticflickr.com/65535/50679014671_2ce3105e09_o.jpg
batch_s02_img_32,https://live.staticflickr.com/65535/50679014726_40c24d7884_o.jpg
batch_s02_img_31,https://live.staticflickr.com/65535/50679098152_deb9ae4c65_o.jpg
batch_s02_img_30,https://live.staticflickr.com/65535/50679098247_b0453584aa_o.jpg
batch_s02_img_29,https://live.staticflickr.com/65535/50679098312_3421088a08_o.jpg
batch_s02_img_28,https://live.staticflickr.com/65535/50678264973_8e8718d1f2_o.jpg
batch_s02_img_27,https://live.staticflickr.com/65535/50678265018_4c80967646_o.jpg
batch_s02_img_26,https://live.staticflickr.com/65535/50678265133_ca031644a0_o.jpg
batch_s02_img_25,https://live.staticflickr.com/65535/50678265238_bbbf138d5f_o.jpg
batch_s02_img_24,https://live.staticflickr.com/65535/50678265333_fd95052a4f_o.jpg
batch_s02_img_23,https://live.staticflickr.com/65535/50678265393_d6a7fcbfea_o.jpg
batch_s02_img_22,https://live.staticflickr.com/65535/50679015516_cc8ea44b3c_o.jpg
batch_s02_img_21,https://live.staticflickr.com/65535/50678265533_fa67c9b70c_o.jpg
batch_s02_img_20,https://live.staticflickr.com/65535/50679015716_f0da84ae30_o.jpg
batch_s02_img_19,https://live.staticflickr.com/65535/50678265648_9812d5b955_o.jpg
batch_s02_img_18,https://live.staticflickr.com/65535/50679099187_b4303fc341_o.jpg
batch_s02_img_17,https://live.staticflickr.com/65535/50679099327_658645ff9c_o.jpg
batch_s02_img_16,https://live.staticflickr.com/65535/50679099372_8c35beb722_o.jpg
batch_s02_img_15,https://live.staticflickr.com/65535/50679016056_ed7250cd9c_o.jpg
batch_s02_img_14,https://live.staticflickr.com/65535/50678266028_8ef0579c9b_o.jpg
batch_s02_img_13,https://live.staticflickr.com/65535/50679099567_31fd3e0722_o.jpg
batch_s02_img_12,https://live.staticflickr.com/65535/50679016361_350fcd49eb_o.jpg
batch_s02_img_11,https://live.staticflickr.com/65535/50678266373_c50e9a765f_o.jpg
batch_s02_img_10,https://live.staticflickr.com/65535/50679016501_96eca6cac6_o.jpg
batch_s02_img_9,https://live.staticflickr.com/65535/50678266558_cd7dcfc530_o.jpg
batch_s02_img_8,https://live.staticflickr.com/65535/50679016606_74ea8a9df3_o.jpg
batch_s02_img_7,https://live.staticflickr.com/65535/50679100057_2d640b1ac7_o.jpg
batch_s02_img_6,https://live.staticflickr.com/65535/50679100087_29b41338e0_o.jpg
batch_s02_img_5,https://live.staticflickr.com/65535/50678266808_d6f246fbb2_o.jpg
batch_s02_img_4,https://live.staticflickr.com/65535/50679016861_bb13de41f1_o.jpg
batch_s02_img_3,https://live.staticflickr.com/65535/50679100277_ae5ed0affa_o.jpg
batch_s02_img_2,https://live.staticflickr.com/65535/50679100377_1f31c4b57c_o.jpg
batch_s02_img_1,https://live.staticflickr.com/65535/50679017151_a837384329_o.jpg
batch_s02_img_0,https://live.staticflickr.com/65535/50678267333_4295d4b1bc_o.jpg
batch_s01_img_3100,https://live.staticflickr.com/65535/50679100652_535fbb6839_o.jpg
batch_s01_img_2980,https://live.staticflickr.com/65535/50678267468_1d5a88d493_o.jpg
batch_s01_img_2960,https://live.staticflickr.com/65535/50678267553_ac310a8cc0_o.jpg
batch_s01_img_2920,https://live.staticflickr.com/65535/50679017591_2d16510938_o.jpg
batch_s01_img_2880,https://live.staticflickr.com/65535/50679101082_209fd064c4_o.jpg
batch_s01_img_2800,https://live.staticflickr.com/65535/50679017866_6fb601a830_o.jpg
batch_s01_img_2780,https://live.staticflickr.com/65535/50678267993_882b42346f_o.jpg
batch_s01_img_2740,https://live.staticflickr.com/65535/50678268123_cdbe449298_o.jpg
batch_s01_img_2720,https://live.staticflickr.com/65535/50678268278_60813fa667_o.jpg
batch_s01_img_2680,https://live.staticflickr.com/65535/50678268413_8f7e6233f8_o.jpg
batch_s01_img_2580,https://live.staticflickr.com/65535/50678268528_7922e0f14e_o.jpg
batch_s01_img_2440,https://live.staticflickr.com/65535/50678268638_8aea092914_o.jpg
batch_s01_img_2360,https://live.staticflickr.com/65535/50679102032_32e9da1103_o.jpg
batch_s01_img_2300,https://live.staticflickr.com/65535/50679102142_970f36cac2_o.jpg
batch_s01_img_2220,https://live.staticflickr.com/65535/50678268983_afa63acf3f_o.jpg
batch_s01_img_2080,https://live.staticflickr.com/65535/50679018911_45ace01ea9_o.jpg
batch_s01_img_1920,https://live.staticflickr.com/65535/50679102432_d2a90f3d43_o.jpg
batch_s01_img_1760,https://live.staticflickr.com/65535/50678269283_a69c65028f_o.jpg
batch_s01_img_1700,https://live.staticflickr.com/65535/50679102602_75a96fb25a_o.jpg
batch_s01_img_1660,https://live.staticflickr.com/65535/50679019286_09418960b0_o.jpg
batch_s01_img_1560,https://live.staticflickr.com/65535/50678269618_0be4a2a19f_o.jpg
batch_s01_img_1440,https://live.staticflickr.com/65535/50679102887_cbbf4b6368_o.jpg
batch_s01_img_1320,https://live.staticflickr.com/65535/50678269843_c9e7b8294c_o.jpg
batch_s01_img_1240,https://live.staticflickr.com/65535/50679019706_376178ec4d_o.jpg
batch_s01_img_1160,https://live.staticflickr.com/65535/50679103192_de1540555f_o.jpg
batch_s01_img_1060,https://live.staticflickr.com/65535/50679103327_cfb70a2a21_o.jpg
batch_s01_img_980,https://live.staticflickr.com/65535/50678270303_b880d5e1e5_o.jpg
batch_s01_img_860,https://live.staticflickr.com/65535/50678270413_f7772bbd65_o.jpg
batch_s01_img_800,https://live.staticflickr.com/65535/50679020296_325ce3c36e_o.jpg
batch_s01_img_680,https://live.staticflickr.com/65535/50679103787_dfda03364b_o.jpg
batch_s01_img_620,https://live.staticflickr.com/65535/50678270873_2f998f4064_o.jpg
batch_s01_img_540,https://live.staticflickr.com/65535/50678270998_b7552fbb35_o.jpg
batch_s01_img_460,https://live.staticflickr.com/65535/50679020671_bb0edf3376_o.jpg
batch_s01_img_400,https://live.staticflickr.com/65535/50678271268_30a01ba46e_o.jpg
BATCH_d08_img_5470,https://live.staticflickr.com/65535/50678803736_8b478ac095_o.jpg
BATCH_d08_img_5400,https://live.staticflickr.com/65535/50678803866_66362006c2_o.jpg
BATCH_d08_img_5300,https://live.staticflickr.com/65535/50678053433_ab875a10b4_o.jpg
BATCH_d08_img_5120,https://live.staticflickr.com/65535/50678885632_3f73d320ae_o.jpg
BATCH_d08_img_5050,https://live.staticflickr.com/65535/50678804236_14fc3c469c_o.jpg
BATCH_d08_img_5040,https://live.staticflickr.com/65535/50678053918_c4141d9c3d_o.jpg
BATCH_d08_img_4850,https://live.staticflickr.com/65535/50678804551_bc60f9d642_o.jpg
BATCH_d08_img_4700,https://live.staticflickr.com/65535/50678886147_67476e1b42_o.jpg
BATCH_d08_img_4640,https://live.staticflickr.com/65535/50678054278_5c25e863db_o.jpg
BATCH_d08_img_4600,https://live.staticflickr.com/65535/50678054398_9506498385_o.jpg
BATCH_d08_img_4520,https://live.staticflickr.com/65535/50678886477_2f6f41c8d6_o.jpg
BATCH_d08_img_4460,https://live.staticflickr.com/65535/50678886622_8d252c7cbe_o.jpg
BATCH_d08_img_4420,https://live.staticflickr.com/65535/50678886722_e85676f859_o.jpg
BATCH_d08_img_4340,https://live.staticflickr.com/65535/50678805316_f9537bf97f_o.jpg
BATCH_d08_img_4290,https://live.staticflickr.com/65535/50678805421_90eededa40_o.jpg
BATCH_d08_img_4220,https://live.staticflickr.com/65535/50678055233_e1242f5049_o.jpg
BATCH_d08_img_4150,https://live.staticflickr.com/65535/50678887312_38c0f236f1_o.jpg
BATCH_d08_img_4070,https://live.staticflickr.com/65535/50678887452_34b717231b_o.jpg
BATCH_d08_img_4050,https://live.staticflickr.com/65535/50678055788_d9f01bc2d3_o.jpg
BATCH_d08_img_3950,https://live.staticflickr.com/65535/50678055968_7e22f8b082_o.jpg
BATCH_d08_img_3190,https://live.staticflickr.com/65535/50678806351_122ee01032_o.jpg
BATCH_d08_img_3130,https://live.staticflickr.com/65535/50678888092_16fc4b820b_o.jpg
BATCH_d08_img_3090,https://live.staticflickr.com/65535/50678888217_1c27f35e8c_o.jpg
BATCH_d08_img_3050,https://live.staticflickr.com/65535/50678806681_570f6ea7be_o.jpg
BATCH_d08_img_3000,https://live.staticflickr.com/65535/50678056633_0bbcab9e02_o.jpg
BATCH_d08_img_2890,https://live.staticflickr.com/65535/50678888642_283770f4c7_o.jpg
BATCH_d08_img_2850,https://live.staticflickr.com/65535/50678056948_47eb0f9f02_o.jpg
BATCH_d08_img_2810,https://live.staticflickr.com/65535/50678889002_781328cf0e_o.jpg
BATCH_d08_img_2640,https://live.staticflickr.com/65535/50678057303_0fe22e9845_o.jpg
BATCH_d08_img_2580,https://live.staticflickr.com/65535/50678807581_4803783b3d_o.jpg
BATCH_d08_img_2500,https://live.staticflickr.com/65535/50678889487_a09112c109_o.jpg
BATCH_d08_img_2280,https://live.staticflickr.com/65535/50678057718_60216a4892_o.jpg
BATCH_d08_img_2210,https://live.staticflickr.com/65535/50678889802_b15a9d57c3_o.jpg
BATCH_d08_img_1760,https://live.staticflickr.com/65535/50678808056_17f6766d7b_o.jpg
BATCH_d08_img_1630,https://live.staticflickr.com/65535/50678808196_f6ef0cdfbd_o.jpg
BATCH_d08_img_1590,https://live.staticflickr.com/65535/50678890177_c651950138_o.jpg
BATCH_d08_img_1510,https://live.staticflickr.com/65535/50678058333_b35d8ea787_o.jpg
BATCH_d08_img_1420,https://live.staticflickr.com/65535/50678808506_de92e65633_o.jpg
BATCH_d08_img_1360,https://live.staticflickr.com/65535/50678890507_ffa1859b4e_o.jpg
BATCH_d08_img_1300,https://live.staticflickr.com/65535/50678808681_6e961326d5_o.jpg
BATCH_d08_img_1260,https://live.staticflickr.com/65535/50678808756_c1a418d583_o.jpg
BATCH_d08_img_1210,https://live.staticflickr.com/65535/50678058738_1a24afd4e3_o.jpg
BATCH_d08_img_1060,https://live.staticflickr.com/65535/50678058848_9e8486b817_o.jpg
BATCH_d08_img_1030,https://live.staticflickr.com/65535/50678058933_84475676bd_o.jpg
BATCH_d08_img_990,https://live.staticflickr.com/65535/50678058998_0cd54d84d2_o.jpg
BATCH_d08_img_950,https://live.staticflickr.com/65535/50678809246_1ca739b9f5_o.jpg
BATCH_d08_img_820,https://live.staticflickr.com/65535/50678891217_423d9294b9_o.jpg
BATCH_d08_img_710,https://live.staticflickr.com/65535/50678059333_e0e7a0bd57_o.jpg
BATCH_d08_img_660,https://live.staticflickr.com/65535/50678059468_e17bdec1db_o.jpg
BATCH_d08_img_590,https://live.staticflickr.com/65535/50678809691_8dd6d4532d_o.jpg
BATCH_d08_img_580,https://live.staticflickr.com/65535/50678059758_c916f4a957_o.jpg
BATCH_d08_img_520,https://live.staticflickr.com/65535/50678810006_d31f928c2a_o.jpg
BATCH_d08_img_490,https://live.staticflickr.com/65535/50678892022_03e0476b24_o.jpg
BATCH_d08_img_440,https://live.staticflickr.com/65535/50678060313_2835c46302_o.jpg
BATCH_d08_img_390,https://live.staticflickr.com/65535/50678892377_26ca426957_o.jpg
BATCH_d08_img_350,https://live.staticflickr.com/65535/50678060593_840e009c6a_o.jpg
BATCH_d07_img_7260,https://live.staticflickr.com/65535/50678892657_16aee6fa4e_o.jpg
BATCH_d07_img_7030,https://live.staticflickr.com/65535/50678892812_63f3d94f36_o.jpg
BATCH_d07_img_6970,https://live.staticflickr.com/65535/50678892937_212cb37bbc_o.jpg
BATCH_d07_img_6940,https://live.staticflickr.com/65535/50678893097_473bfe8e44_o.jpg
BATCH_d07_img_6800,https://live.staticflickr.com/65535/50678061373_952a828c6d_o.jpg
BATCH_d07_img_6740,https://live.staticflickr.com/65535/50678811626_03bbb808c1_o.jpg
BATCH_d07_img_6520,https://live.staticflickr.com/65535/50678061638_0d77b67a86_o.jpg
BATCH_d07_img_6400,https://live.staticflickr.com/65535/50678061833_871e65321f_o.jpg
BATCH_d07_img_6360,https://live.staticflickr.com/65535/50678812031_5917245779_o.jpg
BATCH_d07_img_6320,https://live.staticflickr.com/65535/50678062068_86b11c0d1e_o.jpg
BATCH_d07_img_6230,https://live.staticflickr.com/65535/50678812336_11ce41f80a_o.jpg
BATCH_d07_img_6200,https://live.staticflickr.com/65535/50678062363_eb47b6743f_o.jpg
BATCH_d07_img_6160,https://live.staticflickr.com/65535/50678894627_b2729d3198_o.jpg
BATCH_d07_img_6110,https://live.staticflickr.com/65535/50678894812_edc2fd2055_o.jpg
BATCH_d07_img_6030,https://live.staticflickr.com/65535/50678894982_9e8f25972d_o.jpg
BATCH_d07_img_6020,https://live.staticflickr.com/65535/50678895237_8a215725a3_o.jpg
BATCH_d07_img_5980,https://live.staticflickr.com/65535/50678813556_2b83e2c27f_o.jpg
BATCH_d07_img_5960,https://live.staticflickr.com/65535/50678063403_da7ae2bf71_o.jpg
BATCH_d07_img_5900,https://live.staticflickr.com/65535/50678895827_1bc24e902c_o.jpg
BATCH_d07_img_5780,https://live.staticflickr.com/65535/50678895982_e9d2df58eb_o.jpg
BATCH_d07_img_5710,https://live.staticflickr.com/65535/50678063868_c880172ce8_o.jpg
BATCH_d07_img_5470,https://live.staticflickr.com/65535/50678896307_3ece819b76_o.jpg
BATCH_d07_img_5400,https://live.staticflickr.com/65535/50678814686_d8f6492cd5_o.jpg
BATCH_d07_img_5380,https://live.staticflickr.com/65535/50678814846_1cea39b855_o.jpg
BATCH_d07_img_5210,https://live.staticflickr.com/65535/50678815046_ec04755bea_o.jpg
BATCH_d07_img_5110,https://live.staticflickr.com/65535/50678896872_72496c3bba_o.jpg
BATCH_d07_img_5020,https://live.staticflickr.com/65535/50678897042_a9f809c084_o.jpg
BATCH_d07_img_4970,https://live.staticflickr.com/65535/50678064943_c0bd67df28_o.jpg
BATCH_d07_img_4920,https://live.staticflickr.com/65535/50678815666_f555d62d02_o.jpg
BATCH_d07_img_4880,https://live.staticflickr.com/65535/50678897447_03fe0a084f_o.jpg
BATCH_d07_img_4760,https://live.staticflickr.com/65535/50678815916_318ce5fa46_o.jpg
BATCH_d07_img_4730,https://live.staticflickr.com/65535/50678816026_7bde4731ef_o.jpg
BATCH_d07_img_4720,https://live.staticflickr.com/65535/50678897802_294e50902f_o.jpg
BATCH_d07_img_4670,https://live.staticflickr.com/65535/50678816341_62060826b6_o.jpg
BATCH_d07_img_4610,https://live.staticflickr.com/65535/50678816476_2ba64ae6e9_o.jpg
BATCH_d07_img_4550,https://live.staticflickr.com/65535/50678066013_e7dcd2b895_o.jpg
BATCH_d07_img_4480,https://live.staticflickr.com/65535/50678898352_8231ced18b_o.jpg
BATCH_d07_img_4430,https://live.staticflickr.com/65535/50678066303_41f569ce00_o.jpg
BATCH_d07_img_4370,https://live.staticflickr.com/65535/50678817111_163502e918_o.jpg
BATCH_d07_img_4310,https://live.staticflickr.com/65535/50678898757_fc47c94fd4_o.jpg
BATCH_d07_img_3990,https://live.staticflickr.com/65535/50678898907_f229e3c271_o.jpg
BATCH_d07_img_3860,https://live.staticflickr.com/65535/50678066853_c59910387a_o.jpg
BATCH_d07_img_3470,https://live.staticflickr.com/65535/50678817711_5f93c1438d_o.jpg
BATCH_d07_img_3380,https://live.staticflickr.com/65535/50678899382_f610986d8c_o.jpg
BATCH_d07_img_3330,https://live.staticflickr.com/65535/50678899572_681238f16d_o.jpg
BATCH_d07_img_3270,https://live.staticflickr.com/65535/50678067518_14122af4d6_o.jpg
BATCH_d07_img_3170,https://live.staticflickr.com/65535/50678067708_0dee8d46d0_o.jpg
BATCH_d07_img_3010,https://live.staticflickr.com/65535/50678067848_226552ea01_o.jpg
BATCH_d07_img_2960,https://live.staticflickr.com/65535/50678818791_c45645b985_o.jpg
BATCH_d07_img_2930,https://live.staticflickr.com/65535/50678818896_b5e479b9ef_o.jpg
BATCH_d07_img_2820,https://live.staticflickr.com/65535/50678900467_40312bf21a_o.jpg
BATCH_d07_img_2760,https://live.staticflickr.com/65535/50678068423_8880b5a7a3_o.jpg
BATCH_d07_img_2720,https://live.staticflickr.com/65535/50678819311_7098059fa7_o.jpg
BATCH_d07_img_2670,https://live.staticflickr.com/65535/50678901032_3605f87089_o.jpg
BATCH_d07_img_2600,https://live.staticflickr.com/65535/50678901187_a8964911cb_o.jpg
BATCH_d07_img_2520,https://live.staticflickr.com/65535/50678069198_76bcbc173e_o.jpg
BATCH_d07_img_2500,https://live.staticflickr.com/65535/50678069368_f8db5f3619_o.jpg
BATCH_d07_img_2420,https://live.staticflickr.com/65535/50678069623_b9687504f8_o.jpg
BATCH_d07_img_2380,https://live.staticflickr.com/65535/50678820396_52d0bf9fbe_o.jpg
BATCH_d07_img_2340,https://live.staticflickr.com/65535/50678902002_26207a4f3b_o.jpg
BATCH_d07_img_2310,https://live.staticflickr.com/65535/50678070098_4e5a4979d5_o.jpg
BATCH_d07_img_2270,https://live.staticflickr.com/65535/50678070223_b086b45fb2_o.jpg
BATCH_d07_img_2220,https://live.staticflickr.com/65535/50678821251_12ab80c1d9_o.jpg
BATCH_d07_img_2080,https://live.staticflickr.com/65535/50678821391_2da433d21a_o.jpg
BATCH_d07_img_1830,https://live.staticflickr.com/65535/50678821561_8ef692445b_o.jpg
BATCH_d07_img_1760,https://live.staticflickr.com/65535/50678821726_cc4e6bf2d0_o.jpg
BATCH_d07_img_1700,https://live.staticflickr.com/65535/50678821931_dd40e589db_o.jpg
BATCH_d07_img_1650,https://live.staticflickr.com/65535/50678903257_b5a1646f38_o.jpg
BATCH_d07_img_1610,https://live.staticflickr.com/65535/50678822306_fd813b84d2_o.jpg
BATCH_d07_img_1550,https://live.staticflickr.com/65535/50678822486_8556fc16f5_o.jpg
BATCH_d07_img_1500,https://live.staticflickr.com/65535/50678071618_0028d38038_o.jpg
BATCH_d07_img_1450,https://live.staticflickr.com/65535/50678071768_76f59d0a8d_o.jpg
BATCH_d07_img_1390,https://live.staticflickr.com/65535/50678071898_b6d95ef8ca_o.jpg
BATCH_d07_img_1330,https://live.staticflickr.com/65535/50678072093_af2fb95a93_o.jpg
BATCH_d07_img_1250,https://live.staticflickr.com/65535/50678823251_9b9dd3e0af_o.jpg
BATCH_d07_img_1160,https://live.staticflickr.com/65535/50678904617_5bc8f409dc_o.jpg
BATCH_d07_img_1120,https://live.staticflickr.com/65535/50678904722_4bc88e418e_o.jpg
BATCH_d07_img_1010,https://live.staticflickr.com/65535/50678904892_8a4cf1e1e2_o.jpg
BATCH_d07_img_950,https://live.staticflickr.com/65535/50678823721_45679f87ce_o.jpg
BATCH_d07_img_880,https://live.staticflickr.com/65535/50678072893_5eb0e82526_o.jpg
BATCH_d07_img_810,https://live.staticflickr.com/65535/50678073093_aa8b150b3a_o.jpg
BATCH_d07_img_720,https://live.staticflickr.com/65535/50678824286_686124e25d_o.jpg
BATCH_d07_img_650,https://live.staticflickr.com/65535/50678824521_0b3857c683_o.jpg
BATCH_d07_img_610,https://live.staticflickr.com/65535/50678073698_4fdedce8da_o.jpg
BATCH_d07_img_600,https://live.staticflickr.com/65535/50678824861_5108ee8491_o.jpg
BATCH_d07_img_580,https://live.staticflickr.com/65535/50678825131_ef37b75654_o.jpg
BATCH_d07_img_510,https://live.staticflickr.com/65535/50678825296_91941e284d_o.jpg
BATCH_d07_img_460,https://live.staticflickr.com/65535/50678074523_ecb318c5b2_o.jpg
BATCH_d07_img_450,https://live.staticflickr.com/65535/50678074713_0632ed4c59_o.jpg
BATCH_d07_img_410,https://live.staticflickr.com/65535/50678074913_5e7abe940a_o.jpg
BATCH_d07_img_360,https://live.staticflickr.com/65535/50678826026_757d04a804_o.jpg
BATCH_d07_img_320,https://live.staticflickr.com/65535/50678907107_0431006c2e_o.jpg
BATCH_d06_img_3360,https://live.staticflickr.com/65535/50678826326_abcb8da09d_o.jpg
BATCH_d06_img_3340,https://live.staticflickr.com/65535/50678075653_c56b666325_o.jpg
BATCH_d06_img_3280,https://live.staticflickr.com/65535/50678826741_ba58194331_o.jpg
BATCH_d06_img_3220,https://live.staticflickr.com/65535/50678907937_1eed74285e_o.jpg
BATCH_d06_img_3180,https://live.staticflickr.com/65535/50678908087_c41b8ae28f_o.jpg
BATCH_d06_img_3120,https://live.staticflickr.com/65535/50678827181_840eeec10c_o.jpg
BATCH_d06_img_3100,https://live.staticflickr.com/65535/50678827306_73e43bcc8d_o.jpg
BATCH_d06_img_3040,https://live.staticflickr.com/65535/50678827486_79948679da_o.jpg
BATCH_d06_img_2940,https://live.staticflickr.com/65535/50678076768_73873b7ac5_o.jpg
BATCH_d06_img_2840,https://live.staticflickr.com/65535/50678909007_153bd1282c_o.jpg
BATCH_d06_img_2700,https://live.staticflickr.com/65535/50678909167_62cb15afda_o.jpg
BATCH_d06_img_2540,https://live.staticflickr.com/65535/50678828176_095936aa58_o.jpg
BATCH_d06_img_2500,https://live.staticflickr.com/65535/50678077373_e59dcbdb8f_o.jpg
BATCH_d06_img_2400,https://live.staticflickr.com/65535/50678828546_b7785b4e83_o.jpg
BATCH_d06_img_2360,https://live.staticflickr.com/65535/50678828761_ef71da9182_o.jpg
BATCH_d06_img_2320,https://live.staticflickr.com/65535/50678828961_185099039f_o.jpg
BATCH_d06_img_2260,https://live.staticflickr.com/65535/50678078218_505b1aac28_o.jpg
BATCH_d06_img_1790,https://live.staticflickr.com/65535/50678910567_a626a50d03_o.jpg
BATCH_d06_img_1750,https://live.staticflickr.com/65535/50678910682_ce045b5f78_o.jpg
BATCH_d06_img_1660,https://live.staticflickr.com/65535/50678829746_c75635bdd7_o.jpg
BATCH_d06_img_1640,https://live.staticflickr.com/65535/50678079063_2c1c468592_o.jpg
BATCH_d06_img_1580,https://live.staticflickr.com/65535/50678830111_1922568780_o.jpg
BATCH_d06_img_1500,https://live.staticflickr.com/65535/50678830326_a742fda734_o.jpg
BATCH_d06_img_1440,https://live.staticflickr.com/65535/50678911422_59d1f45995_o.jpg
BATCH_d06_img_1390,https://live.staticflickr.com/65535/50678830696_3f9f9383bf_o.jpg
BATCH_d06_img_1270,https://live.staticflickr.com/65535/50678911852_73627199a4_o.jpg
BATCH_d06_img_1140,https://live.staticflickr.com/65535/50678831141_fa93aac270_o.jpg
BATCH_d06_img_1050,https://live.staticflickr.com/65535/50678912202_f60521217c_o.jpg
BATCH_d06_img_920,https://live.staticflickr.com/65535/50678912432_bcc182bed2_o.jpg
BATCH_d06_img_830,https://live.staticflickr.com/65535/50678831761_3c20259342_o.jpg
BATCH_d06_img_710,https://live.staticflickr.com/65535/50678912937_9941abb02d_o.jpg
BATCH_d06_img_380,https://live.staticflickr.com/65535/50678081218_d1b76321b4_o.jpg
BATCH_d06_img_270,https://live.staticflickr.com/65535/50678081403_894551766f_o.jpg
BATCH_d06_img_200,https://live.staticflickr.com/65535/50678832591_7e8f400714_o.jpg
BATCH_d06_img_130,https://live.staticflickr.com/65535/50678081758_ba57f8e4a6_o.jpg
BATCH_d06_img_0,https://live.staticflickr.com/65535/50678832976_64a12a6345_o.jpg
batch_05_img_6080,https://live.staticflickr.com/65535/50678082128_443e2dcf52_o.jpg
batch_05_img_5980,https://live.staticflickr.com/65535/50678082238_ebfd9299dd_o.jpg
batch_05_img_5880,https://live.staticflickr.com/65535/50678833371_a02f1f87a3_o.jpg
batch_05_img_5760,https://live.staticflickr.com/65535/50678833436_b1f555b5a6_o.jpg
batch_05_img_5620,https://live.staticflickr.com/65535/50678914337_4351f44d8b_o.jpg
batch_05_img_5540,https://live.staticflickr.com/65535/50678833676_490a017eec_o.jpg
batch_05_img_5360,https://live.staticflickr.com/65535/50678833766_200a9e562c_o.jpg
batch_05_img_5200,https://live.staticflickr.com/65535/50678833861_e8a691c093_o.jpg
batch_05_img_5080,https://live.staticflickr.com/65535/50678914747_8098a90d84_o.jpg
batch_05_img_4920,https://live.staticflickr.com/65535/50678914902_f852d85fa7_o.jpg
batch_05_img_4840,https://live.staticflickr.com/65535/50678834206_eaaac41f5d_o.jpg
batch_05_img_4500,https://live.staticflickr.com/65535/50678083408_61eda177d2_o.jpg
batch_05_img_4460,https://live.staticflickr.com/65535/50678083473_dbbfcdf5a8_o.jpg
batch_05_img_4340,https://live.staticflickr.com/65535/50678834491_424b29b186_o.jpg
batch_05_img_4240,https://live.staticflickr.com/65535/50678915542_d98b639d76_o.jpg
batch_05_img_4180,https://live.staticflickr.com/65535/50678834681_8303c9c5d0_o.jpg
batch_05_img_4120,https://live.staticflickr.com/65535/50678915722_154a41a5d3_o.jpg
batch_05_img_4040,https://live.staticflickr.com/65535/50678083983_02fff9e1e6_o.jpg
batch_05_img_3940,https://live.staticflickr.com/65535/50678834986_f2df6d4d55_o.jpg
batch_05_img_3580,https://live.staticflickr.com/65535/50678915987_0ae9fec587_o.jpg
batch_05_img_3460,https://live.staticflickr.com/65535/50678084253_65b4eb5d7c_o.jpg
batch_05_img_3040,https://live.staticflickr.com/65535/50678084338_38b8907e88_o.jpg
batch_05_img_2960,https://live.staticflickr.com/65535/50678835426_c140c12cf2_o.jpg
batch_05_img_2360,https://live.staticflickr.com/65535/50678084518_8c08bc0406_o.jpg
batch_05_img_2220,https://live.staticflickr.com/65535/50678916457_9d2f9dddcd_o.jpg
batch_05_img_2180,https://live.staticflickr.com/65535/50678835706_9dee989719_o.jpg
batch_05_img_2140,https://live.staticflickr.com/65535/50678835766_92f89db968_o.jpg
batch_05_img_2040,https://live.staticflickr.com/65535/50678084833_583f91b12a_o.jpg
batch_05_img_1980,https://live.staticflickr.com/65535/50678084913_a7f3ca5f58_o.jpg
batch_05_img_1820,https://live.staticflickr.com/65535/50678916842_3dcb02d2d3_o.jpg
batch_05_img_1780,https://live.staticflickr.com/65535/50678085088_ef29dd3f00_o.jpg
batch_05_img_1720,https://live.staticflickr.com/65535/50678085138_8a97937b4f_o.jpg
batch_05_img_1620,https://live.staticflickr.com/65535/50678836226_cdc347656a_o.jpg
batch_05_img_1600,https://live.staticflickr.com/65535/50678085323_6f7e3d7c7a_o.jpg
batch_05_img_1540,https://live.staticflickr.com/65535/50678917237_5e492eab61_o.jpg
batch_05_img_1500,https://live.staticflickr.com/65535/50678085413_70905ccbe6_o.jpg
batch_05_img_1440,https://live.staticflickr.com/65535/50678917362_3b6d942083_o.jpg
batch_05_img_1340,https://live.staticflickr.com/65535/50678085538_9ba9ac8be6_o.jpg
batch_05_img_1240,https://live.staticflickr.com/65535/50678085613_2bae3abc89_o.jpg
batch_05_img_1160,https://live.staticflickr.com/65535/50678085688_739330e39a_o.jpg
batch_05_img_1080,https://live.staticflickr.com/65535/50678917587_99282427f5_o.jpg
batch_05_img_1060,https://live.staticflickr.com/65535/50678836866_57eed5aac6_o.jpg
batch_05_img_960,https://live.staticflickr.com/65535/50678836931_2416eae8d0_o.jpg
batch_05_img_840,https://live.staticflickr.com/65535/50678836996_d687cc8620_o.jpg
batch_05_img_820,https://live.staticflickr.com/65535/50678837031_81501263b2_o.jpg
batch_05_img_780,https://live.staticflickr.com/65535/50678837096_dd3424dfff_o.jpg
batch_05_img_600,https://live.staticflickr.com/65535/50678086153_69de78c334_o.jpg
batch_05_img_260,https://live.staticflickr.com/65535/50678837251_48929b2680_o.jpg
batch_04_img_4660,https://live.staticflickr.com/65535/50678837421_47fca441a8_o.jpg
batch_04_img_4620,https://live.staticflickr.com/65535/50678918227_b8a9315352_o.jpg
batch_04_img_4580,https://live.staticflickr.com/65535/50678837681_4f63b081b1_o.jpg
batch_04_img_4540,https://live.staticflickr.com/65535/50678086678_cf0278019e_o.jpg
batch_04_img_4480,https://live.staticflickr.com/65535/50678086783_c0b13207e7_o.jpg
batch_04_img_4400,https://live.staticflickr.com/65535/50678838006_e49496b22a_o.jpg
batch_04_img_4340,https://live.staticflickr.com/65535/50678087018_806a62603b_o.jpg
batch_04_img_4300,https://live.staticflickr.com/65535/50678087178_fd4ee15a86_o.jpg
batch_04_img_4240,https://live.staticflickr.com/65535/50678918977_5edf3fe589_o.jpg
batch_04_img_4180,https://live.staticflickr.com/65535/50678838386_242ae81001_o.jpg
batch_04_img_4140,https://live.staticflickr.com/65535/50678087518_455d2dd9af_o.jpg
batch_04_img_4080,https://live.staticflickr.com/65535/50678087623_e765db1b36_o.jpg
batch_04_img_3800,https://live.staticflickr.com/65535/50678919457_908e2c5467_o.jpg
batch_04_img_3760,https://live.staticflickr.com/65535/50678087903_0cedb3d6d3_o.jpg
batch_04_img_3720,https://live.staticflickr.com/65535/50678088078_8511d41ecb_o.jpg
batch_04_img_3680,https://live.staticflickr.com/65535/50678839151_81855c5046_o.jpg
batch_04_img_3600,https://live.staticflickr.com/65535/50678919917_28bfd9c310_o.jpg
batch_04_img_3400,https://live.staticflickr.com/65535/50678839431_b237e032c6_o.jpg
batch_04_img_3360,https://live.staticflickr.com/65535/50678088558_383ddbd3ce_o.jpg
batch_04_img_3340,https://live.staticflickr.com/65535/50678839841_c7d583b857_o.jpg
batch_04_img_3320,https://live.staticflickr.com/65535/50678839971_d3c81e0de2_o.jpg
batch_04_img_3180,https://live.staticflickr.com/65535/50678840131_6d75d47b2b_o.jpg
batch_04_img_3080,https://live.staticflickr.com/65535/50678089443_9755bf935b_o.jpg
batch_04_img_2900,https://live.staticflickr.com/65535/50678921332_015b23f4b6_o.jpg
batch_04_img_2860,https://live.staticflickr.com/65535/50678840746_4e8693fe2f_o.jpg
batch_04_img_2780,https://live.staticflickr.com/65535/50678840871_d68d763c16_o.jpg
batch_04_img_2560,https://live.staticflickr.com/65535/50678841066_7a25cf66b1_o.jpg
batch_04_img_2420,https://live.staticflickr.com/65535/50678090113_3167f696e5_o.jpg
batch_04_img_2300,https://live.staticflickr.com/65535/50678922017_5cb0ebf671_o.jpg
batch_04_img_2240,https://live.staticflickr.com/65535/50678922152_8273d26a21_o.jpg
batch_04_img_2140,https://live.staticflickr.com/65535/50678922277_572378edb1_o.jpg
batch_04_img_2080,https://live.staticflickr.com/65535/50678090693_65d7a717f7_o.jpg
batch_04_img_2020,https://live.staticflickr.com/65535/50678841831_316c1d1eda_o.jpg
batch_04_img_1940,https://live.staticflickr.com/65535/50678090978_ddc1a965df_o.jpg
batch_04_img_1820,https://live.staticflickr.com/65535/50678922882_4c69bc5c01_o.jpg
batch_04_img_1780,https://live.staticflickr.com/65535/50678842281_8eef4b9b35_o.jpg
batch_04_img_1660,https://live.staticflickr.com/65535/50678923137_86b2bc0ba7_o.jpg
batch_04_img_1640,https://live.staticflickr.com/65535/50678091358_500d05bc30_o.jpg
batch_04_img_1620,https://live.staticflickr.com/65535/50678091443_2ea5e6388d_o.jpg
batch_04_img_1560,https://live.staticflickr.com/65535/50678091548_74340a0fc8_o.jpg
batch_04_img_1520,https://live.staticflickr.com/65535/50678923617_ab1e0dea06_o.jpg
batch_04_img_1400,https://live.staticflickr.com/65535/50678923717_1e91212a1f_o.jpg
batch_04_img_1320,https://live.staticflickr.com/65535/50678843136_49255c59d8_o.jpg
batch_04_img_1260,https://live.staticflickr.com/65535/50678924027_1020df502c_o.jpg
batch_04_img_1180,https://live.staticflickr.com/65535/50678924107_e75728ddc8_o.jpg
batch_04_img_1140,https://live.staticflickr.com/65535/50678843446_32aeb8695c_o.jpg
batch_04_img_1120,https://live.staticflickr.com/65535/50678924357_e0a86162ff_o.jpg
batch_04_img_1020,https://live.staticflickr.com/65535/50678924507_a31f7ae481_o.jpg
batch_04_img_980,https://live.staticflickr.com/65535/50678843851_80eb983d57_o.jpg
batch_04_img_840,https://live.staticflickr.com/65535/50678092728_7f4de5ffed_o.jpg
batch_04_img_720,https://live.staticflickr.com/65535/50678092833_b855d58685_o.jpg
batch_04_img_680,https://live.staticflickr.com/65535/50678092958_a40f4cd0f4_o.jpg
batch_04_img_260,https://live.staticflickr.com/65535/50678925132_bb3d7c31ff_o.jpg
batch_04_img_140,https://live.staticflickr.com/65535/50678093173_37d158d08c_o.jpg
batch_02_img_3820,https://live.staticflickr.com/65535/50678784511_d335982bce_o.jpg
batch_02_img_3780,https://live.staticflickr.com/65535/50678784616_388c4cc391_o.jpg
batch_02_img_3700,https://live.staticflickr.com/65535/50678784671_58d291c077_o.jpg
batch_02_img_3640,https://live.staticflickr.com/65535/50678784791_1676e7d45e_o.jpg
batch_02_img_3600,https://live.staticflickr.com/65535/50678866477_923f4d1c14_o.jpg
batch_02_img_3580,https://live.staticflickr.com/65535/50678866562_299610e306_o.jpg
batch_02_img_3500,https://live.staticflickr.com/65535/50678866732_54c639e6da_o.jpg
batch_02_img_3400,https://live.staticflickr.com/65535/50678866917_5e1d65672b_o.jpg
batch_02_img_3260,https://live.staticflickr.com/65535/50678785416_6f8da8e8ed_o.jpg
batch_02_img_3160,https://live.staticflickr.com/65535/50678785521_030824cee2_o.jpg
batch_02_img_3060,https://live.staticflickr.com/65535/50678867282_2e3d55926c_o.jpg
batch_02_img_3040,https://live.staticflickr.com/65535/50678785721_485954d9df_o.jpg
batch_02_img_2960,https://live.staticflickr.com/65535/50678867507_fd95cbe557_o.jpg
batch_02_img_2800,https://live.staticflickr.com/65535/50678785911_72e5f76743_o.jpg
batch_02_img_2700,https://live.staticflickr.com/65535/50678867697_8967e287c9_o.jpg
batch_02_img_2620,https://live.staticflickr.com/65535/50678786076_3fcdc72f4b_o.jpg
batch_02_img_2540,https://live.staticflickr.com/65535/50678786271_2edc0d1168_o.jpg
batch_02_img_2500,https://live.staticflickr.com/65535/50678868107_813b143edd_o.jpg
batch_02_img_2440,https://live.staticflickr.com/65535/50678035928_2220e911f2_o.jpg
batch_02_img_2360,https://live.staticflickr.com/65535/50678786606_fd4640a14b_o.jpg
batch_02_img_2000,https://live.staticflickr.com/65535/50678786751_696dfb4fb8_o.jpg
batch_02_img_1960,https://live.staticflickr.com/65535/50678036233_478818ac5a_o.jpg
batch_02_img_1680,https://live.staticflickr.com/65535/50678036343_e49046aa86_o.jpg
batch_02_img_1560,https://live.staticflickr.com/65535/50678787086_6837f6e643_o.jpg
batch_02_img_1480,https://live.staticflickr.com/65535/50678787201_d8e15631b3_o.jpg
batch_02_img_1460,https://live.staticflickr.com/65535/50678036703_fda38279d6_o.jpg
batch_02_img_1400,https://live.staticflickr.com/65535/50678787376_9735cd05c4_o.jpg
batch_02_img_1320,https://live.staticflickr.com/65535/50678787516_ce0426bcbf_o.jpg
batch_02_img_1240,https://live.staticflickr.com/65535/50678787706_a995563a31_o.jpg
batch_02_img_1140,https://live.staticflickr.com/65535/50678869447_47a89afd0d_o.jpg
batch_02_img_980,https://live.staticflickr.com/65535/50678869577_873ac2714b_o.jpg
batch_02_img_960,https://live.staticflickr.com/65535/50678788196_68ab1f4b57_o.jpg
batch_02_img_860,https://live.staticflickr.com/65535/50678037833_343975c342_o.jpg
batch_02_img_720,https://live.staticflickr.com/65535/50678870102_6da2b6401c_o.jpg
batch_02_img_580,https://live.staticflickr.com/65535/50678038123_bed3ba31d9_o.jpg
batch_02_img_520,https://live.staticflickr.com/65535/50678870352_05a6bb53bf_o.jpg
batch_02_img_360,https://live.staticflickr.com/65535/50678789021_1ffb064ee6_o.jpg
batch_02_img_340,https://live.staticflickr.com/65535/50678038613_641efe88f1_o.jpg
batch_02_img_320,https://live.staticflickr.com/65535/50678870792_ed7cd7ceb7_o.jpg
batch_02_img_180,https://live.staticflickr.com/65535/50678789466_f2fc908734_o.jpg
batch_02_img_20,https://live.staticflickr.com/65535/50678789581_be0ea6108a_o.jpg
batch_01_frame_35,https://live.staticflickr.com/65535/50678871367_24dd430c8c_o.jpg
batch_01_frame_34,https://live.staticflickr.com/65535/50678789961_b04b0ca2f8_o.jpg
batch_01_frame_33,https://live.staticflickr.com/65535/50678039558_c5db23e61d_o.jpg
batch_01_frame_32,https://live.staticflickr.com/65535/50678871957_76cc257056_o.jpg
batch_01_frame_31,https://live.staticflickr.com/65535/50678872127_ee4a65d98a_o.jpg
batch_01_frame_30,https://live.staticflickr.com/65535/50678872332_e339fae5b1_o.jpg
batch_01_frame_29,https://live.staticflickr.com/65535/50678040198_b1e4b847ab_o.jpg
batch_01_frame_28,https://live.staticflickr.com/65535/50678790881_528e60acf9_o.jpg
batch_01_frame_27,https://live.staticflickr.com/65535/50678872877_83e6afe8ab_o.jpg
batch_01_frame_26,https://live.staticflickr.com/65535/50678040713_dabfd3d584_o.jpg
batch_01_frame_25,https://live.staticflickr.com/65535/50678873222_7e7c5fd2c8_o.jpg
batch_01_frame_24,https://live.staticflickr.com/65535/50678791641_f7c9163654_o.jpg
batch_01_frame_23,https://live.staticflickr.com/65535/50678041188_1e4f348d15_o.jpg
batch_01_frame_22,https://live.staticflickr.com/65535/50678873772_a83eb40724_o.jpg
batch_01_frame_21,https://live.staticflickr.com/65535/50678792076_3e8cc49e2c_o.jpg
batch_01_frame_20,https://live.staticflickr.com/65535/50678792231_09efbaf638_o.jpg
batch_01_frame_19,https://live.staticflickr.com/65535/50678792431_209af4b159_o.jpg
batch_01_frame_18,https://live.staticflickr.com/65535/50678042188_0acdea604b_o.jpg
batch_01_frame_17,https://live.staticflickr.com/65535/50678874617_d43cfacfa7_o.jpg
batch_01_frame_16,https://live.staticflickr.com/65535/50678042573_3d9254bf5b_o.jpg
batch_01_frame_15,https://live.staticflickr.com/65535/50678793101_9627b5a894_o.jpg
batch_01_frame_14,https://live.staticflickr.com/65535/50678875042_3e05e4367d_o.jpg
batch_01_frame_13,https://live.staticflickr.com/65535/50678793441_5a69923fe0_o.jpg
batch_01_frame_12,https://live.staticflickr.com/65535/50678793486_7c02f30bfd_o.jpg
batch_01_frame_11,https://live.staticflickr.com/65535/50678875402_84bc881de7_o.jpg
batch_01_frame_10,https://live.staticflickr.com/65535/50678043513_216c1452e6_o.jpg
batch_01_frame_9,https://live.staticflickr.com/65535/50678875647_f47e5a9da0_o.jpg
batch_01_frame_8,https://live.staticflickr.com/65535/50678794041_3f2fb95ca7_o.jpg
batch_01_frame_7,https://live.staticflickr.com/65535/50678043983_c07585a110_o.jpg
batch_01_frame_6,https://live.staticflickr.com/65535/50678794281_6f92e483d6_o.jpg
batch_01_frame_5,https://live.staticflickr.com/65535/50678876332_c40c494a25_o.jpg
batch_01_frame_4,https://live.staticflickr.com/65535/50678794711_bb7871b781_o.jpg
batch_01_frame_3,https://live.staticflickr.com/65535/50678794886_e9c7c7ed91_o.jpg
batch_01_frame_2,https://live.staticflickr.com/65535/50678794996_ba3baa680f_o.jpg
batch_01_frame_1,https://live.staticflickr.com/65535/50678795091_dee1e9960c_o.jpg
batch_01_frame_0,https://live.staticflickr.com/65535/50678876887_153acfd698_o.jpg
batch_03_img_3740,https://live.staticflickr.com/65535/50678555696_cf9f181500_o.jpg
batch_03_img_3660,https://live.staticflickr.com/65535/50678555931_741b0c8783_o.jpg
batch_03_img_3380,https://live.staticflickr.com/65535/50677805758_202621f906_o.jpg
batch_03_img_3340,https://live.staticflickr.com/65535/50678556211_d883521b04_o.jpg
batch_03_img_3160,https://live.staticflickr.com/65535/50678556296_846b9c912a_o.jpg
batch_03_img_3120,https://live.staticflickr.com/65535/50678639582_fc3ba875a2_o.jpg
batch_03_img_3020,https://live.staticflickr.com/65535/50678556561_d62c73ff9a_o.jpg
batch_03_img_2920,https://live.staticflickr.com/65535/50678639967_cc5c9d8d67_o.jpg
batch_03_img_2720,https://live.staticflickr.com/65535/50678640212_246478754a_o.jpg
batch_03_img_2480,https://live.staticflickr.com/65535/50677806823_3a4b1bcdb1_o.jpg
batch_03_img_2180,https://live.staticflickr.com/65535/50678640692_8ec980ecc9_o.jpg
batch_03_img_2160,https://live.staticflickr.com/65535/50678557521_f3b1e63aee_o.jpg
batch_03_img_2100,https://live.staticflickr.com/65535/50678557641_4eacae6ccc_o.jpg
batch_03_img_1920,https://live.staticflickr.com/65535/50677807438_ec624844b6_o.jpg
batch_03_img_1740,https://live.staticflickr.com/65535/50678557866_b9dcf9926a_o.jpg
batch_03_img_1560,https://live.staticflickr.com/65535/50677807653_58fb16fc86_o.jpg
batch_03_img_1280,https://live.staticflickr.com/65535/50678558116_afaa70ef39_o.jpg
batch_03_img_820,https://live.staticflickr.com/65535/50677807913_95347129fe_o.jpg
batch_03_img_720,https://live.staticflickr.com/65535/50677808043_0a70b667f3_o.jpg
batch_03_img_660,https://live.staticflickr.com/65535/50678641732_0193e0c4fd_o.jpg
batch_03_img_600,https://live.staticflickr.com/65535/50678558576_351d475767_o.jpg